{"4": {"time": [0.0005211690000095359, 0.0005554309999951101, 0.0004891100000037341, 0.00047432799999569397, 0.00046676899999908983, 0.00048607699999081433, 0.0005264939999989338, 0.0004929059999909668, 0.000503051000009691, 0.0005571370000012621], "result": [1796, 1796, 1796, 1796, 1796, 1796, 1796, 1796, 1796, 1796]}, "5": {"time": [0.004632477000001245, 0.004801479999997582, 0.008165304999991463, 0.0046832990000069685, 0.004654083000005471, 0.004652541999988102, 0.009525796000005471, 0.0070872390000005225, 0.004600327000005677, 0.00460564899999838], "result": [5187, 5187, 5187, 5187, 5187, 5187, 5187, 5187, 5187, 5187]}, "6": {"time": [0.02675757800000156, 0.03484287199999869, 0.01866533999999831, 0.01849201400000311, 0.018483840000001805, 0.02198497899999552, 0.019774824000009517, 0.01983663500000432, 0.02341836300000466, 0.02478299199999867], "result": [6109, 6109, 6109, 6109, 6109, 6109, 6109, 6109, 6109, 6109]}, "7": {"time": [0.40416615499999864, 0.47140975199999957, 0.42706903100000204, 0.41089667699999666, 0.7629029550000013, 0.981243008000007, 0.7870235079999901, 0.7513479690000082, 0.4231447980000098, 0.42708330799999317], "result": [4014, 4014, 4014, 4014, 4014, 4014, 4014, 4014, 4014, 4014]}, "8": {"time": [0.5930414510000048, 0.6022882390000035, 0.5669109180000049, 0.5830846879999996, 0.569896307999997, 0.5810866329999982, 0.5765977300000031, 0.5852017570000072, 0.5923757529999989, 0.589365696999991], "result": [3077, 3077, 3077, 3077, 3077, 3077, 3077, 3077, 3077, 3077]}, "9": {"time": [0.3313578709999945, 0.33337914999999896, 0.3308652980000062, 0.32517060899999706, 0.3370255439999994, 0.3286293459999996, 0.33754582900000685, 0.3349195349999974, 0.33176480599999536, 0.3361334720000002], "result": [5701, 5701, 5701, 5701, 5701, 5701, 5701, 5701, 5701, 5701]}, "10": {"time": [2416.569420045, 2416.569420045, 2416.569420045, 2416.569420045, 2416.569420045, 2416.569420045, 2416.569420045, 2416.569420045, 2416.569420045, 2416.569420045], "result": [9137, 9137, 9137, 9137, 9137, 9137, 9137, 9137, 9137, 9137]}}