{"4": {"time": [0.0026437660000055985, 0.0007867430000061404, 0.0008056350000060775, 0.00036454000000674114, 0.0003284760000070719, 0.00030743899999663427, 0.00029817799999420913, 0.00028860399999075526, 0.00029841200000646495, 0.0003021509999996397], "result": [1812.3825503355704, 1812.3825503355704, 1812.3825503355704, 1812.3825503355704, 1812.3825503355704, 1812.3825503355704, 1812.3825503355704, 1812.3825503355704, 1812.3825503355704, 1812.3825503355704]}, "5": {"time": [0.0003310100000106786, 0.00031996699999581324, 0.00030198599999664566, 0.00029750400000239097, 0.00032179999999470965, 0.00030218999999931384, 0.00034985000000631317, 0.00035822600000301463, 0.00033266200000525714, 0.0003078710000039564], "result": [5207.918367346939, 5207.918367346939, 5207.918367346939, 5207.918367346939, 5207.918367346939, 5207.918367346939, 5207.918367346939, 5207.918367346939, 5207.918367346939, 5207.918367346939]}, "6": {"time": [0.0003878320000012536, 0.0003770370000069079, 0.00033223100000157046, 0.00031970499999545154, 0.0003482559999952173, 0.0003200550000030944, 0.0003411660000125494, 0.0003247660000056385, 0.0003224799999941297, 0.0003243900000029498], "result": [6152.855172413793, 6152.855172413793, 6152.855172413793, 6152.855172413793, 6152.855172413793, 6152.855172413793, 6152.855172413793, 6152.855172413793, 6152.855172413793, 6152.855172413793]}, "7": {"time": [0.00034811099999387807, 0.0003429380000028459, 0.00033242000000655025, 0.00037890900000547845, 0.0003643619999991188, 0.0003302240000095935, 0.0003333230000066578, 0.00033125699999914104, 0.00036668500000303084, 0.00035510899999735557], "result": [4019.304347826087, 4019.304347826087, 4019.304347826087, 4019.304347826087, 4019.304347826087, 4019.304347826087, 4019.304347826087, 4019.304347826087, 4019.304347826087, 4019.304347826087]}, "8": {"time": [0.0003826119999956745, 0.0003639569999904779, 0.0004087609999885444, 0.00035914599999387065, 0.0003472790000103032, 0.0003575460000035946, 0.0003766699999943057, 0.00039568700000813806, 0.00035689599999955135, 0.00035426499999857697], "result": [3087.1111111111113, 3087.1111111111113, 3087.1111111111113, 3087.1111111111113, 3087.1111111111113, 3087.1111111111113, 3087.1111111111113, 3087.1111111111113, 3087.1111111111113, 3087.1111111111113]}, "9": {"time": [0.00045635300000412826, 0.00043322300000170344, 0.00039094400000294627, 0.00037710299999105246, 0.00036215100000447364, 0.0004019539999973176, 0.0003659030000022767, 0.0003787680000044702, 0.00035587700000405675, 0.0003591739999961874], "result": [5709.166666666667, 5709.166666666667, 5709.166666666667, 5709.166666666667, 5709.166666666667, 5709.166666666667, 5709.166666666667, 5709.166666666667, 5709.166666666667, 5709.166666666667]}, "10": {"time": [0.0006150309999952697, 0.0004155609999969556, 0.0003872159999929181, 0.0003772280000049477, 0.00038596299999937855, 0.0003818550000005416, 0.00039407299999538736, 0.0003686290000075587, 0.00037176899999735724, 0.00041225100000019665], "result": [9148.10606060606, 9148.10606060606, 9148.10606060606, 9148.10606060606, 9148.10606060606, 9148.10606060606, 9148.10606060606, 9148.10606060606, 9148.10606060606, 9148.10606060606]}, "15": {"time": [0.000628181000010386, 0.0005267970000062405, 0.00048416300001008494, 0.0004800380000062887, 0.0004852069999969899, 0.0004728079999978263, 0.0005442169999980706, 0.00047097899999926085, 0.000503006000002415, 0.0004535500000031334], "result": [9811.77108433735, 9811.77108433735, 9811.77108433735, 9811.77108433735, 9811.77108433735, 9811.77108433735, 9811.77108433735, 9811.77108433735, 9811.77108433735, 9811.77108433735]}, "20": {"time": [0.0006586669999961714, 0.0006099739999996245, 0.0005603669999914018, 0.0006465869999914275, 0.0008002999999945359, 0.00065836100000638, 0.0006480830000015203, 0.0005774519999874883, 0.0006240239999897312, 0.000613615000006007], "result": [15875.80612244898, 15875.80612244898, 15875.80612244898, 15875.80612244898, 15875.80612244898, 15875.80612244898, 15875.80612244898, 15875.80612244898, 15875.80612244898, 15875.80612244898]}, "30": {"time": [0.0008820230000026186, 0.0009903289999897424, 0.0009909529999987399, 0.0008895459999962441, 0.0008723149999951829, 0.0008461320000066053, 0.0008384239999941201, 0.0008484549999963065, 0.000832393999999681, 0.0008271909999990612], "result": [21929.444444444445, 21929.444444444445, 21929.444444444445, 21929.444444444445, 21929.444444444445, 21929.444444444445, 21929.444444444445, 21929.444444444445, 21929.444444444445, 21929.444444444445]}, "50": {"time": [0.0014790259999983846, 0.001344400000007795, 0.0013231860000075812, 0.0012987220000013622, 0.0016677720000046747, 0.0012636710000037965, 0.0012232710000006364, 0.0015447849999929986, 0.0013556570000048396, 0.0013025819999938903], "result": [35760.75838926174, 35760.75838926174, 35760.75838926174, 35760.75838926174, 35760.75838926174, 35760.75838926174, 35760.75838926174, 35760.75838926174, 35760.75838926174, 35760.75838926174]}, "100": {"time": [0.002691671999997425, 0.002470986000005837, 0.0024281559999934643, 0.0023798929999969687, 0.002403239999992479, 0.002392455999995491, 0.002394733999992127, 0.002724557999997046, 0.0024097210000064706, 0.002370996999999875], "result": [66216.36923076924, 66216.36923076924, 66216.36923076924, 66216.36923076924, 66216.36923076924, 66216.36923076924, 66216.36923076924, 66216.36923076924, 66216.36923076924, 66216.36923076924]}, "200": {"time": [0.004777446000005625, 0.004685368000011181, 0.004758658999989507, 0.004768858000005594, 0.004560961999999336, 0.004598642000004816, 0.00454880700000615, 0.004559706999998525, 0.0045816939999951956, 0.00456807799999126], "result": [141970.953125, 141970.953125, 141970.953125, 141970.953125, 141970.953125, 141970.953125, 141970.953125, 141970.953125, 141970.953125, 141970.953125]}, "500": {"time": [0.016126493000001574, 0.057324923999999555, 0.014348831000006612, 0.01181028099999537, 0.01401130899999714, 0.01722581900000364, 0.013619274000006953, 0.01666591499999015, 0.012972431000008555, 0.01234977400000048], "result": [304531.43529411766, 304531.43529411766, 304531.43529411766, 304531.43529411766, 304531.43529411766, 304531.43529411766, 304531.43529411766, 304531.43529411766, 304531.43529411766, 304531.43529411766]}, "1000": {"time": [0.0716149870000038, 0.02383948499999633, 0.024191899000001627, 0.025445904999997992, 0.07369014100000015, 0.02421621500000981, 0.026169543999998268, 0.036244740000000775, 0.02506603799999141, 0.0628557010000037], "result": [718793.0, 718793.0, 718793.0, 718793.0, 718793.0, 718793.0, 718793.0, 718793.0, 718793.0, 718793.0]}, "5000": {"time": [0.17695557000000406, 0.17157627699999978, 0.22471799300001294, 0.1756171110000082, 0.23435169799999755, 0.17439088899999433, 0.1768515479999877, 0.22055917900000566, 0.18003739699999244, 0.18049447100000293], "result": [3213272.5, 3213272.5, 3213272.5, 3213272.5, 3213272.5, 3213272.5, 3213272.5, 3213272.5, 3213272.5, 3213272.5]}, "10000": {"time": [0.4104558850000046, 0.39994952600000033, 0.4070280570000051, 0.4047805180000097, 0.4056530849999973, 0.41802208900000437, 0.3800675260000048, 0.4150382939999986, 0.401667615000008, 0.40282279299999857], "result": [7287503.4, 7287503.4, 7287503.4, 7287503.4, 7287503.4, 7287503.4, 7287503.4, 7287503.4, 7287503.4, 7287503.4]}, "50000": {"time": [2.276468311000002, 2.3168034739999968, 2.280515578999996, 2.2550905479999983, 2.216050564999989, 2.339978035999991, 2.2417232479999996, 2.4163919990000124, 2.228041754000003, 2.309269841999992], "result": [33179208.799999997, 33179208.799999997, 33179208.799999997, 33179208.799999997, 33179208.799999997, 33179208.799999997, 33179208.799999997, 33179208.799999997, 33179208.799999997, 33179208.799999997]}, "100000": {"time": [4.432441675999996, 4.583517994999994, 4.508309757999996, 4.378551567000017, 4.5149106089999975, 4.413708730999986, 4.310010664999993, 4.564126640000012, 4.450044025000011, 4.40263161499999],