{"4": {"time": [0.006454762000004166, 0.000825292999991234, 0.0007945250000034321, 0.0007942800000080297, 0.0009805179999773372, 0.000967241000012109, 0.0007832840000219221, 0.0007398789999797373, 0.0011803189999852748, 0.0007743679999805408], "result": [1588, 1588, 1588, 1588, 1588, 1588, 1588, 1588, 1588, 1588]}, "5": {"time": [0.0008205010000210677, 0.0010737080000069454, 0.0009423900000058438, 0.0008428700000138178, 0.0008483940000019174, 0.0008624449999956596, 0.0008282020000081047, 0.0008197490000156904, 0.0008205270000019027, 0.0009054599999842594], "result": [5045, 5045, 4950, 5045, 4855, 5045, 4950, 4855, 4950, 5045]}, "6": {"time": [0.0008966810000003989, 0.0008086010000170063, 0.0008385579999981019, 0.0008725849999962065, 0.0008652070000039203, 0.001322536000003538, 0.0008617569999955776, 0.0008227080000153819, 0.0007842889999949421, 0.0008412169999871821], "result": [5533, 5663, 5598, 5598, 5598, 5663, 5663, 5598, 5663, 5598]}, "7": {"time": [0.0008737859999996545, 0.0008717300000000705, 0.0008194490000050791, 0.0008728300000200306, 0.0008433109999828048, 0.0008684080000023187, 0.0008269559999973808, 0.0008596840000052453, 0.0008342919999790865, 0.0007999959999835937], "result": [3766, 3766, 3946, 3766, 3766, 3766, 3946, 3766, 3946, 3946]}, "8": {"time": [0.0008158050000020012, 0.000979198999999653, 0.00196138600000495, 0.0014163419999988491, 0.0014709240000172485, 0.0016266469999948185, 0.0017189969999833465, 0.0024615389999951276, 0.0018940229999770963, 0.0031306669999935366], "result": [2669, 2669, 2849, 2849, 2849, 2849, 2849, 2849, 2669, 2669]}, "9": {"time": [0.0017438240000160476, 0.0016285160000109045, 0.0017526750000058655, 0.0009674890000042069, 0.001610312999986263, 0.0017599359999849185, 0.002690548999993325, 0.0024553769999897668, 0.002279646999994611, 0.00361762800000065], "result": [5378, 5538, 5218, 5538, 5538, 5218, 5378, 5378, 5378, 5538]}, "10": {"time": [0.001997674999984156, 0.0019663100000002487, 0.0020102840000220112, 0.0018861669999807873, 0.002415729000006195, 0.0039013059999888355, 0.0019318909999981315, 0.00191165700002216, 0.0019329569999797513, 0.0019427389999862044], "result": [8586, 8606, 8576, 8566, 8596, 8596, 8576, 8586, 8576, 8586]}, "15": {"time": [0.002706878999987339, 0.0017713170000206446, 0.0030373890000134907, 0.0017173899999818332, 0.0017732419999845206, 0.0017552829999942787, 0.0017585109999913584, 0.0018442219999883491, 0.001725864999997384, 0.0017650149999894893], "result": [9387, 9387, 9312, 9387, 9312, 9312, 9312, 9312, 9312, 9387]}, "20": {"time": [0.0029119019999939155, 0.0026100460000009207, 0.0029351199999894106, 0.0024095480000028147, 0.002419443000007959, 0.0023859500000185108, 0.0024054010000043036, 0.002461864999986574, 0.0024010749999945347, 0.0024299659999940104], "result": [15123, 15163, 15143, 15143, 15103, 15163, 15143, 15163, 15123, 15123]}, "30": {"time": [0.0014211130000205685, 0.0012860349999925802, 0.0012501619999909508, 0.002019957000015893, 0.003005661999992526, 0.003687995999996474, 0.003151672999990751, 0.0026053179999792064, 0.0031248039999809407, 0.0026509930000031545], "result": [21485, 21485, 21335, 21515, 21365, 21455, 21365, 21335, 21395, 21395]}, "50": {"time": [0.002270914999996876, 0.0021851209999965704, 0.0036459559999855173, 0.004002439999993612, 0.003757616999990887, 0.004025524000013547, 0.004960382999996682, 0.003914479999991727, 0.003678903999997374, 0.00378339200000255], "result": [34464, 34969, 34354, 34354, 34914, 34914, 34859, 34969, 34409, 34694]}, "100": {"time": [0.006167887000003702, 0.005622404000007464, 0.007834408000007897, 0.007806286999993972, 0.006598145999987537, 0.0054577980000090065, 0.005848049000007904, 0.006134661999993796, 0.006413754999982757, 0.005584945999999036], "result": [64939, 64889, 65454, 64939, 65454, 64839, 64889, 65039, 65039, 65089]}, "200": {"time": [0.013429823999985047, 0.013616895000012619, 0.012537954999999101, 0.014369885999997223, 0.012231835999983787, 0.01377590900000314, 0.01410959199998274, 0.013300856999990174, 0.014278267999998207, 0.014352566000013667], "result": [138517, 138517, 138567, 138392, 138517, 138642, 138542, 138002, 138517, 138567]}, "500": {"time": [0.035887126000005765, 0.029568637000011222, 0.030946014999983618, 0.032373547999981156, 0.025339090999977998, 0.028666677000018126, 0.030055153000006385, 0.03299074000000246, 0.03200501599999939, 0.032650157000006175], "result": [301206, 300641, 300581, 300551, 301176, 299956, 300551, 300641, 300581, 300046]}, "1000": {"time": [0.19141885999999886, 0.16267797100002213, 0.18184128299998292, 0.17507860199998504, 0.19424279400001865, 0.1989812420000021, 0.2003481689999944, 0.18631025100000898, 0.18931226199998719, 0.18421886600000903], "result": [711221, 710511, 710511, 710511, 710511, 711221, 711221, 710511, 710511, 710511]}, "5000": {"time": [2.034531008999977, 2.0512281160000043, 2.028556007999981, 2.016154456999999, 2.0161695689999988, 2.0624126079999883, 2.08791406200001, 2.055744429999976, 2.0452659909999795, 2.0326876230000153], "result": [3120250, 3120260, 3118895, 3119550, 3118905, 3120235, 3120205, 3120265, 3118900, 3120920]}, "10000": {"time": [25.91294202299997, 25.324286511999958, 25.27068182200003, 25.356770485000027, 25.321092248000014, 26.845795592, 25.440414998999984, 25.45206719199996, 25.409303196999986, 25.644028386000002], "result": [7092422, 7092447, 7092507, 7092387, 7092062, 7092432, 7092057, 7092387, 7092057, 7092387]}, "50000": {"time": [554.527795601, 528.099364855, 510.83357400700015, 512.704175844, 503.97631235000017, 508.59452699899975, 502.94680373699975, 506.38723532899985, 505.0092494600003, 507.13448018300005], "result": [31839028, 31838418, 31838898, 31837788, 31838228, 31838618, 31837708, 31838208, 31836028, 31837468]}}