{"4": {"time": [0.001255385999684222, 0.0010616440004014294, 0.0010409209999124869, 0.0010348059995521908, 0.0010332279998692684, 0.0009841490000326303, 0.0009865219999483088, 0.0014776500001971726, 0.0016023550006138976, 0.0017276629996558768], "result": [1722, 1789, 1789, 1789, 1789, 1789, 1789, 1722, 1789, 1789]}, "5": {"time": [0.0023877100002209772, 0.002219225000771985, 0.0021364340000218363, 0.0022196419995452743, 0.0017138120001618518, 0.0013094539999656263, 0.0013326560001587495, 0.0015230580002025818, 0.0013325810004971572, 0.001270801999453397], "result": [5047, 5047, 5066, 5104, 5125, 5047, 5106, 5045, 5104, 5026]}, "6": {"time": [0.001395737000166264, 0.0012126649999117944, 0.0012450779995560879, 0.0013132340000083786, 0.0013980580006318633, 0.0014967900006013224, 0.001205830000799324, 0.001233865999893169, 0.0029468389993780875, 0.005437826999695972], "result": [5870, 5760, 5760, 5773, 5870, 5747, 5773, 5760, 5870, 5760]}, "7": {"time": [0.0022926729998289375, 0.002368620000197552, 0.0028316269999777433, 0.0023135550000006333, 0.0022390060003090184, 0.002626505000080215, 0.0022323169996525394, 0.0022259879997363896, 0.002367709999816725, 0.0022246839998842916], "result": [3982, 3939, 3946, 3874, 3910, 3946, 3982, 3982, 3939, 3910]}, "8": {"time": [0.002131698000084725, 0.0027658729995891917, 0.0021300660000633798, 0.0020093129996894277, 0.002134176999788906, 0.0021556379997491604, 0.002162134000172955, 0.0020764070004588575, 0.0020664760004365235, 0.002943632000096841], "result": [2989, 3025, 3025, 3059, 2989, 3023, 3025, 3059, 2989, 3025]}, "9": {"time": [0.0033680369997455273, 0.002602339000077336, 0.003080542999668978, 0.0026026770001408295, 0.0026302380001652637, 0.0013561770001615514, 0.002778918000331032, 0.002510802999495354, 0.0025851699992927024, 0.0037919179994787555], "result": [5649, 5585, 5632, 5649, 5568, 5585, 5649, 5585, 5632, 5617]}, "10": {"time": [0.003665653999632923, 0.003056313000342925, 0.0024418189996140427, 0.003534329000103753, 0.0033617049994063564, 0.0032627470000079484, 0.003277444000559626, 0.003313770999739063, 0.0030983830001787283, 0.0062064240000836435], "result": [8864, 8862, 8868, 8860, 8866, 8860, 8858, 8860, 8858, 8862]}, "15": {"time": [0.0037860600004933076, 0.005573313000240887, 0.005509075000190933, 0.0038610949995927513, 0.004002624999884574, 0.0032129189994520857, 0.003781251999498636, 0.003473332999419654, 0.003267408000283467, 0.0032613610001135385], "result": [9717, 9662, 9692, 9747, 9662, 9722, 9677, 9747, 9647, 9707]}, "20": {"time": [0.005745495000155643, 0.004838689000280283, 0.0046521009999196394, 0.006331919000331254, 0.006477644999904442, 0.005265705000056187, 0.005126165000547189, 0.005223394000495318, 0.005237703000602778, 0.00479751600050804], "result": [15163, 15155, 15159, 15036, 15163, 15274, 15139, 15163, 15159, 15044]}, "30": {"time": [0.007553139000265219, 0.007614322999870637, 0.006592857999748958, 0.0063938159992176224, 0.00639166800010571, 0.007572626000182936, 0.007055036000565451, 0.008469516999866755, 0.00658392500008631, 0.0080983699999706], "result": [21685, 21697, 21703, 21709, 21703, 21709, 21697, 21709, 21685, 21661]}, "50": {"time": [0.01132333799978369, 0.011159723000673694, 0.011579308000364108, 0.013086328000099456, 0.011743619000299077, 0.013002994999624207, 0.011525165000421111, 0.011428036999859614, 0.011383033000129217, 0.011513292000017827], "result": [34890, 34868, 34857, 34857, 34958, 34903, 34969, 34846, 34969, 34846]}, "100": {"time": [0.020287035999899672, 0.018784147000587836, 0.017612966000342567, 0.019142836999890278, 0.018451189000188606, 0.01850091199958115, 0.019034167999961937, 0.0195916530001341, 0.01780218799922295, 0.01928415699967445], "result": [65298, 65391, 65205, 65351, 65195, 65444, 65464, 65351, 65288, 65381]}, "200": {"time": [0.05381697000029817, 0.04767461800020101, 0.03395046499917953, 0.040717482999752974, 0.04382845500003896, 0.045189345999460784, 0.03280072000052314, 0.04940283999985695, 0.03632063300028676, 0.04807538499971997], "result": [138670, 138567, 138640, 138587, 138640, 138670, 138582, 138577, 138670, 138640]}, "500": {"time": [0.13092297699949995, 0.11985514300067734, 0.10607806000007258, 0.12797060100001545, 0.11371747200064419, 0.11270344099921203, 0.1107479529991906, 0.12798441700033436, 0.12005447999945318, 0.12159562000033475], "result": [300736, 300421, 300867, 300742, 300861, 300974, 300754, 300528, 300647, 300623]}, "1000": {"time": [0.8108258210004351, 0.8849014449997412, 0.9044300220002697, 0.8563947180000469, 0.8843044599998393, 0.8920852600003855, 0.9932485189992803, 0.8498823929994614, 0.8939940410000418, 0.9886105409996162], "result": [710795, 710937, 710653, 710795, 710653, 710653, 710795, 710653, 710795, 710937]}, "5000": {"time": [9.918804361000184, 9.873753902000317, 9.812351397999919, 11.069630478999898, 9.785290302999783, 9.870752096000615, 9.795988199000021, 9.833346983999945, 9.80390622899995, 9.852353307999692], "result": [3119989, 3119460, 3119585, 3119723, 3119995, 3120400, 3120129, 3120263, 3119460, 3120397]}, "10000": {"time": [126.88904798299973, 127.6399913590003, 126.59741953499997, 126.80437038000036, 126.53853378299937, 126.56824256400068, 127.16902771999958, 128.1887398789995, 129.66460378699958, 130.3039632609998], "result": [7092296, 7092348, 7092225, 7092300, 7092375, 7092308, 7092341, 7092220, 7092400, 7092231]}}