{"4": {"time": [0.011583406000006846, 0.00672566699999777, 0.013113392000001056, 0.006240110000000243, 0.006411479000000497, 0.005579055999994864, 0.005947818999999299, 0.006434400000003393, 0.013529177999998865, 0.007897616000001051], "result": [1722, 1789, 1722, 1789, 1789, 1789, 1789, 1722, 1789, 1722]}, "5": {"time": [0.006675108000003149, 0.006419452999999464, 0.007828787999997644, 0.00739441399999663, 0.006359070000002021, 0.014130627000000118, 0.00620630599999572, 0.006291801000003261, 0.006973116000004609, 0.011777721000001407], "result": [5146, 5146, 5146, 5146, 5146, 5146, 5146, 5146, 5146, 5146]}, "6": {"time": [0.007042703000003314, 0.006658383999997852, 0.007655049000000247, 0.01341900300000276, 0.018915724000002854, 0.020557838999998523, 0.017027148000003933, 0.015881454000002293, 0.017525657000000194, 0.007618614000001855], "result": [5857, 5760, 5857, 5805, 5818, 5799, 5799, 5812, 5799, 5812]}, "7": {"time": [0.015330552999998304, 0.02165154499999744, 0.01368659299999564, 0.014412750999994728, 0.014027263000002677, 0.01028630100000072, 0.007665832000000705, 0.006409456000000091, 0.005758520999997074, 0.005285897000000261], "result": [3874, 3953, 3953, 3917, 3989, 3903, 3953, 3917, 3874, 3953]}, "8": {"time": [0.005721248999996931, 0.005536378999998703, 0.005117967999993311, 0.005750324000004525, 0.006038252999999827, 0.005731742000001816, 0.006447117000000446, 0.007610423000002697, 0.020586000000001548, 0.013271944999999619], "result": [3023, 3023, 2987, 2987, 2987, 2987, 3023, 2987, 3023, 2987]}, "9": {"time": [0.010250231000000554, 0.006045020999998485, 0.010391452999996886, 0.0062258729999982165, 0.006316556000001583, 0.005991350999998701, 0.012327815000006126, 0.006264809000001037, 0.0059709559999987505, 0.005758929999998941], "result": [5662, 5662, 5647, 5647, 5662, 5647, 5662, 5647, 5647, 5662]}, "10": {"time": [0.013644161000001986, 0.017147235000003036, 0.011205891000003021, 0.0123632029999996, 0.008428483000002984, 0.005047627999999804, 0.005086664000003793, 0.006637401999995518, 0.006039289000000281, 0.008144617000006349], "result": [8870, 8991, 8870, 8870, 8870, 8991, 8870, 8991, 8991, 8870]}, "15": {"time": [0.007438722999999925, 0.01139958499999949, 0.006101868999998317, 0.0060035220000003164, 0.0064866550000033385, 0.006279345000002934, 0.023153882999999098, 0.005619222999996509, 0.006439761999999405, 0.0077857439999959865], "result": [9722, 9732, 9747, 9772, 9722, 9732, 9722, 9722, 9772, 9732]}, "20": {"time": [0.007618922000006023, 0.006197397000001104, 0.00675941899999799, 0.006080243999996071, 0.019131931000003988, 0.012317311000003883, 0.010374647999995545, 0.006174997000002236, 0.007020165999996664, 0.009087762999996585], "result": [15500, 14937, 14933, 14929, 14933, 15500, 15500, 15500, 15500, 15500]}, "30": {"time": [0.010169101999998986, 0.014170888000002435, 0.013377503000000956, 0.008034524999999348, 0.006235684000003516, 0.006309867999995333, 0.006842478000002927, 0.007316770000002748, 0.004016241000002196, 0.004075632000002827], "result": [21692, 21734, 21865, 21865, 21734, 21692, 21847, 21739, 21782, 21782]}, "50": {"time": [0.005436594999999045, 0.004887140999997541, 0.004760813000004305, 0.004862660000000574, 0.005344250000000272, 0.010036413000001687, 0.011304116000005138, 0.007131626000003166, 0.009725789999997403, 0.00968442300000305], "result": [35020, 34905, 34797, 35007, 34943, 35051, 34797, 35007, 34797, 34797]}, "100": {"time": [0.011101275999997995, 0.013788171000001626, 0.013299271999997586, 0.013414373999999896, 0.009703246999997361, 0.009613622999999905, 0.013637429999995732, 0.013318187999999509, 0.010628904999997246, 0.013101068000004545], "result": [65486, 64704, 65486, 65486, 65059, 65308, 65486, 65308, 64581, 65486]}, "200": {"time": [0.01958564500000648, 0.02009123999999929, 0.024344135999996297, 0.0202683700000037, 0.021855189000007158, 0.019772547000002305, 0.027319851999990874, 0.02150908599999468, 0.023624229999995805, 0.016722958999991988], "result": [138650, 138726, 138658, 138711, 138616, 138616, 138520, 138665, 138721, 138604]}, "500": {"time": [0.035658211000011875, 0.022960078000011208, 0.02911945200000332, 0.020436520000004066, 0.03319458900000427, 0.028191974999998592, 0.019518556999997827, 0.028149573000007422, 0.027471481999995717, 0.03017465399999253], "result": [297917, 301985, 303493, 303446, 298726, 302223, 303535, 302003, 297810, 297239]}, "1000": {"time": [0.06008167200000969, 0.06287226100000964, 0.05793170300000838, 0.06268330300000002, 0.058707119999994006, 0.06840300500000751, 0.04960041699999351, 0.04926862700000356, 0.04701704099998949, 0.051840498999993656], "result": [706393, 709375, 706393, 709375, 709233, 706535, 706535, 706393, 709375, 709375]}, "5000": {"time": [0.26822870899999884, 0.29338868400000706, 0.30339854000000344, 0.27579010799999537, 0.2702228790000021, 0.2815282270000097, 0.2774022899999977, 0.2656460209999949, 0.26978086600000495, 0.274389357000004], "result": [3119191, 3111119, 3119191, 3118515, 3119187, 3119184, 3128599, 3143395, 3111115, 3099819]}, "10000": {"time": [0.40016104999999413, 0.4261909389999943, 0.41345497000000364, 0.40204932900000756, 0.3902699599999977, 0.4188842180000023, 0.3972230960000047, 0.4055450400000069, 0.40229903500001285, 0.37661291399999186], "result": [7094893, 7094893, 7097884, 7096522, 7091137, 7093865, 7093770, 7088361, 7092398, 7091137]}, "50000": {"time": [4.950335846999991, 5.268275031999991, 4.986822942000003, 4.987862312000004, 5.063911867000002, 5.031542063999993, 4.931823924999989, 4.981497714, 5.020798726999999, 4.959942131000005], "result": [31836195, 31853151, 31845103, 31841089, 31811181, 31822151, 31832151, 31832089, 31841195, 31832195]}, "100000": {"time": [14.570152709000013, 13.17684386000002, 13.387182827000004, 13.64561685000001, 13.518230466000006, 13.514585048000015, 13.351198611000001, 13.407998754000005, 14.414352994000012, 13.404008909000027], "result": [65006047, 65007014, 64999059, 64998681, 65002781, 65001042, 65006219, 65000973, 64996793, 65001382]}, "200000": {"time": [53.691879805999974, 53.76028993, 52.67287240400003, 53.780656583999985, 52.69082164099996, 53.891739732999895, 53.62687272200003, 53.89790569400009, 53.14116456099998, 55.006930153999974], "result": [136175310, 136175310, 136175310, 136175310, 136175310, 136175310, 136175310, 136175310, 136175310, 136175310]}}