{"4": {"time": [0.0058902279999983875, 0.004548189999994179, 0.004549588999992693, 0.004420999000004144, 0.004677108999999291, 0.006439278999991416, 0.005822928000000616, 0.005068168999997624, 0.005450949000007199, 0.004692839000000504], "result": [1804.9999999999998, 1804.9999999999998, 1804.9999999999998, 1804.9999999999998, 1804.9999999999998, 1804.9999999999998, 1804.9999999999998, 1804.9999999999998, 1804.9999999999998, 1804.9999999999998]}, "5": {"time": [0.008530538000002252, 0.009322908000001462, 0.008703298000000359, 0.009671878000006018, 0.008771667999994293, 0.008894017999992343, 0.00856493799999214, 0.00897399800000187, 0.008907477999997582, 0.008700007999991044], "result": [5196.999999999997, 5196.999999999997, 5196.999999999997, 5196.999999999997, 5196.999999999997, 5196.999999999997, 5196.999999999997, 5196.999999999997, 5196.999999999997, 5196.999999999997]}, "6": {"time": [0.0042453189999918095, 0.004488387999998622, 0.004138190000006148, 0.004118950000005839, 0.004147298999995996, 0.00412445899999625, 0.00421468900000832, 0.004113119999999526, 0.004108319000010852, 0.00436787900000013], "result": [6145.999999999994, 6145.999999999994, 6145.999999999994, 6145.999999999994, 6145.999999999994, 6145.999999999994, 6145.999999999994, 6145.999999999994, 6145.999999999994, 6145.999999999994]}, "7": {"time": [0.006614088000006291, 0.009809347000000912, 0.006054438999996137, 0.006144219000006501, 0.00583505799998818, 0.005715858999991497, 0.00570692800000927, 0.005843867999999475, 0.005749078999997437, 0.005824759000006452], "result": [4014.0, 4014.0, 4014.0, 4014.0, 4014.0, 4014.0, 4014.0, 4014.0, 4014.0, 4014.0]}, "8": {"time": [0.008900838000002409, 0.009228647999989903, 0.009189778000006754, 0.009090847999999596, 0.009139187999991805, 0.009261418000008348, 0.009119818000002056, 0.008891177999998945, 0.008797207999990064, 0.008854888000001893], "result": [3077.0, 3077.0, 3077.0, 3077.0, 3077.0, 3077.0, 3077.0, 3077.0, 3077.0, 3077.0]}, "9": {"time": [0.004232178999998837, 0.0041735889999898745, 0.0041400890000034, 0.004176248999996801, 0.0041427289999944605, 0.004129929000001198, 0.004118528999995874, 0.004112019000004352, 0.004110588999992615, 0.00416863899999953], "result": [5707.999999999999, 5707.999999999999, 5707.999999999999, 5707.999999999999, 5707.999999999999, 5707.999999999999, 5707.999999999999, 5707.999999999999, 5707.999999999999, 5707.999999999999]}, "10": {"time": [0.016711626000002866, 0.020544966000002773, 0.014128425999999195, 0.013851226999989308, 0.013781496999996534, 0.013494007000005581, 0.016541775999996844, 0.013469607000004657, 0.01327972699999691, 0.012881376999999361], "result": [9136.999999999998, 9136.999999999998, 9136.999999999998, 9136.999999999998, 9136.999999999998, 9136.999999999998, 9136.999999999998, 9136.999999999998, 9136.999999999998, 9136.999999999998]}, "15": {"time": [0.005060448999998357, 0.005016589000007343, 0.004926787999991689, 0.004907498000008559, 0.00640734899999984, 0.005957598000009057, 0.0050428589999995665, 0.005035199000005264, 0.004981049000008397, 0.004910069000004569], "result": [9807.0, 9807.0, 9807.0, 9807.0, 9807.0, 9807.0, 9807.0, 9807.0, 9807.0, 9807.0]}, "20": {"time": [0.023006765000005203, 0.024784373999992226, 0.02490444400000058, 0.022593795000005912, 0.021547914999999307, 0.02193289500000617, 0.021180215000001112, 0.02231837499999756, 0.02150586499999463, 0.02227717499999926], "result": [15867.0, 15867.0, 15867.0, 15867.0, 15867.0, 15867.0, 15867.0, 15867.0, 15867.0, 15867.0]}, "30": {"time": [0.008604567999995538, 0.008480429000002232, 0.008454486999994515, 0.008465607000005093, 0.008445889000000761, 0.009912517000003618, 0.009611618000008093, 0.00865767800000583, 0.010221888000003787, 0.02063869500000237], "result": [21927.999999999993, 21927.999999999993, 21927.999999999993, 21927.999999999993, 21927.999999999993, 21927.999999999993, 21927.999999999993, 21927.999999999993, 21927.999999999993, 21927.999999999993]}, "50": {"time": [0.025024893999997744, 0.02350179500000138, 0.022958864000003132, 0.0223063649999915, 0.028314573999992376, 0.026050034000007827, 0.02657279400000334, 0.027219393999999397, 0.02031929599999671, 0.01577775600000564], "result": [35757.0, 35757.0, 35757.0, 35757.0, 35757.0, 35757.0, 35757.0, 35757.0, 35757.0, 35757.0]}, "100": {"time": [0.007305758000001106, 0.006714579000004051, 0.00650972900000113, 0.006392859000001749, 0.00703365900000108, 0.006957537999994656, 0.0069984290000064675, 0.007379958000001352, 0.007082948999993732, 0.0076039779999916846], "result": [66210.0, 66210.0, 66210.0, 66210.0, 66210.0, 66210.0, 66210.0, 66210.0, 66210.0, 66210.0]}, "200": {"time": [0.017667255999995746, 0.017334026000000335, 0.017339665999998033, 0.018611795999987635, 0.019734014999997385, 0.017986216000011268, 0.017221695999992903, 0.01779837600000178, 0.017707015999988585, 0.017422655999993708], "result": [141968.0, 141968.0, 141968.0, 141968.0, 141968.0, 141968.0, 141968.0, 141968.0, 141968.0, 141968.0]}, "500": {"time": [0.027506294000005482, 0.05669516700000088, 0.025891074000000458, 0.030601732999997466, 0.025823484000000008, 0.025946853999997188, 0.02640447400000312, 0.025618424000001028, 0.025931544000002305, 0.025842513999990047], "result": [304518.0, 304518.0, 304518.0, 304518.0, 304518.0, 304518.0, 304518.0, 304518.0, 304518.0, 304518.0]}, "1000": {"time": [0.07201042399999835, 0.03700892199999828, 0.036360122000004935, 0.040038430999999264, 0.06840231500000016, 0.0377325409999969, 0.04121572100000037, 0.04500749000000326, 0.03901816100000133, 0.06566536500000097], "result": [718733.0, 718733.0, 718733.0, 718733.0, 718733.0, 718733.0, 718733.0, 718733.0, 718733.0, 718733.0]}, "5000": {"time": [0.2428146749999911, 0.2247212999999988, 0.24307473499999332, 0.30832291100000475, 0.24752728400000024, 0.22026770099999737, 0.21454874199999097, 0.25598172200000135, 0.22016696100000388, 0.2155302510000041], "result": [3213240.0, 3213240.0, 3213240.0, 3213240.0, 3213240.0, 3213240.0, 3213240.0, 3213240.0, 3213240.0, 3213240.0]}, "10000": {"time": [0.6610277919999987, 0.649807863999996, 0.8579173870000005, 1.177670956, 0.8372139120000099, 0.6874775160000013, 0.6359826870000092, 0.6581401319999998, 0.6304812380000016, 0.6604710619999992], "result": [7287491.0, 7287491.0, 7287491.0, 7287491.0, 7287491.0, 7287491.0, 7287491.0, 7287491.0, 7287491.0, 7287491.0]}, "50000": {"time": [3.389704828999996, 3.446873616000005, 3.3274397519999894, 3.354493727000005, 3.373576093000011, 3.373251073000006, 3.434467689000016, 3.4575537530000133, 3.329357122999994, 3.436961568000015], "result": [33179183.999999996, 33179183.999999996, 33179183.999999996, 33179183.999999996, 33179183.999999996, 33179183.999999996, 33179183.999999996, 33179183.999999996, 33179183.999999996, 33179183.999999996]}, "100000": {"time": [8.229127450000021, 7.779595495999985, 7.989550679000018, 8.230345696, 8.071064231999998, 8.03795427, 8.305195389999994, 7.940379899000021, 8.336138976, 8.014869094000005], "result": [66355504.0, 66355504.0, 66355504.0, 66355504.0, 66355504.0, 66355504.0, 66355504.0, 66355504.0, 66355504.0, 66355504.0]}}